step,stage,loss,dprime_intra,dprime_inter,n_pass_blocks,advanced,regressed
200,1,0.026793,4.6527,0.0000,0,0,0
300,1,0.010121,4.6527,0.0000,0,1,0
400,2,0.022913,4.6527,0.0000,0,0,0
500,2,0.008898,4.6527,0.0000,0,1,0
600,3,0.779986,3.5618,0.0781,3,0,0
700,3,1.096238,2.9684,-0.0137,3,0,0
800,3,0.406230,3.9850,-0.0444,0,0,0
900,3,0.375410,4.4718,-0.1304,0,0,0
1000,3,0.307442,4.5503,-0.0747,0,0,0
