step,stage,loss,dprime_intra,dprime_inter,n_pass_blocks,advanced,regressed
200,1,0.026793,4.6527,0.0000,0,0,0
300,1,0.010121,4.6527,0.0000,0,1,0
400,2,0.022913,4.6527,0.0000,0,0,0
500,2,0.008898,4.6527,0.0000,0,1,0
600,3,0.069318,3.6199,0.0000,0,0,0
700,3,0.034836,2.2785,0.0000,0,0,0
800,3,0.021429,2.2409,0.0000,0,0,0
