step,stage,loss,dprime_intra,dprime_inter,n_pass_blocks,advanced,regressed
200,1,0.026793,4.6527,0.0000,0,0,0
300,1,0.010121,4.6527,0.0000,0,1,0
400,2,0.022913,4.6527,0.0000,0,0,0
500,2,0.008898,4.6527,0.0000,0,1,0
600,3,0.329257,4.4779,0.1827,0,0,0
700,3,0.350972,3.9771,-0.2302,0,0,0
800,3,0.145562,4.5992,0.0199,0,0,0
900,3,0.083100,3.6956,0.0657,0,0,0
