step,stage,loss,dprime_intra,dprime_inter,n_pass_blocks,advanced,regressed
200,1,0.026793,4.6527,0.0000,0,0,0
300,1,0.010121,4.6527,0.0000,0,1,0
400,2,0.022913,4.6527,0.0000,0,0,0
500,2,0.008898,4.6527,0.0000,0,1,0
600,3,0.324734,4.5027,0.1843,0,0,0
700,3,0.159006,4.1281,-0.1809,0,0,0
800,3,0.126692,4.5516,0.0893,0,0,0
900,3,0.067896,4.6527,0.0000,0,0,0
1000,3,0.033121,4.6527,0.0000,0,0,0
1100,3,0.098410,4.6289,-0.0238,0,0,0
