step,stage,loss,dprime_intra,dprime_inter,n_pass_blocks,advanced,regressed
200,1,0.026793,4.6527,0.0000,0,0,0
300,1,0.010121,4.6527,0.0000,0,1,0
400,2,0.022913,4.6527,0.0000,0,0,0
500,2,0.008898,4.6527,0.0000,0,1,0
600,3,0.058501,4.2262,0.0000,0,0,0
700,3,0.026998,4.6527,0.0000,0,0,0
800,3,0.053166,4.6527,0.0000,0,0,0
900,3,0.016175,4.6527,0.0000,0,0,0
1000,3,0.014362,4.6527,0.0000,0,0,0
1100,3,0.013063,4.6527,0.0000,0,0,0
